idNodo,latitud,longitud,nombre,poligono
1351591695721,37.1829,-3.61411,"Universidad de Granada 1","<Polygon><outerBoundaryIs><LinearRing><coordinates>-3.6141099999999966,37.183349157642056,0.0 -3.6139640859632474,37.18333385287707,0.0 -3.613828115894452,37.183288981594444,0.0 -3.6137113560516427,37.18321760174676,0.0 -3.613621763470062,37.183124577819406,0.0 -3.613565443691199,37.18301624930598,0.0 -3.6135462346922957,37.1828999986645,0.0 -3.613565445367453,37.18278374820194,0.0 -3.6136217663734254,37.18267542017735,0.0 -3.6137113594041765,37.18258239691774,0.0 -3.613828118797815,37.182511017737795,0.0 -3.613964087639527,37.182466146943995,0.0 -3.6141099999999966,37.18245084235794,0.0 -3.614255912360491,37.182466146943995,0.0 -3.614391881202178,37.182511017737795,0.0 -3.6145086405958415,37.18258239691774,0.0 -3.614598233626568,37.18267542017735,0.0 -3.6146545546325397,37.18278374820194,0.0 -3.614673765307697,37.1828999986645,0.0 -3.6146545563088193,37.18301624930598,0.0 -3.6145982365299307,37.183124577819406,0.0 -3.61450864394835,37.18321760174676,0.0 -3.614391884105541,37.183288981594444,0.0 -3.6142559140367454,37.18333385287707,0.0 -3.6141099999999966,37.183349157642056,0.0 </coordinates></LinearRing></outerBoundaryIs></Polygon>"
1351591800440,37.1773,-3.59856,"Universidad de Granada 2","<Polygon><outerBoundaryIs><LinearRing><coordinates>-3.598560000000011,37.17774915764206,0.0 -3.5984140967802265,37.1777338528771,0.0 -3.5982781367911687,37.17768898159452,0.0 -3.598161385603972,37.17761760174691,0.0 -3.5980717996639493,37.17752457781961,0.0 -3.598015484060009,37.17741624930624,0.0 -3.597996276484926,37.17729999866478,0.0 -3.5980154857358055,37.17718374820221,0.0 -3.5980718025665235,37.17707542017756,0.0 -3.5981613889555644,37.17698239691787,0.0 -3.598278139693743,37.17691101773787,0.0 -3.598414098456023,37.17686614694402,0.0 -3.598560000000011,37.176850842357936,0.0 -3.5987059015439735,37.17686614694402,0.0 -3.5988418603062535,37.17691101773787,0.0 -3.598958611044432,37.17698239691787,0.0 -3.599048197433473,37.17707542017756,0.0 -3.599104514264191,37.17718374820221,0.0 -3.59912372351507,37.17729999866478,0.0 -3.599104515939987,37.17741624930624,0.0 -3.599048200336047,37.17752457781961,0.0 -3.5989586143960244,37.17761760174691,0.0 -3.5988418632088277,37.17768898159452,0.0 -3.5987059032197695,37.1777338528771,0.0 -3.598560000000011,37.17774915764206,0.0 </coordinates></LinearRing></outerBoundaryIs></Polygon>"
1351591868114,37.1974,-3.63599,"Universidad de Granada 3","<Polygon><outerBoundaryIs><LinearRing><coordinates>-3.6359899999999987,37.19784915764206,0.0 -3.635844057941113,37.19783385287704,0.0 -3.6357080617599378,37.197788981594286,0.0 -3.6355912794941676,37.197717601746426,0.0 -3.635501669707109,37.19762457781888,0.0 -3.6354453391127826,37.19751624930534,0.0 -3.635426126425377,37.19739999866381,0.0 -3.6354453407902323,37.19728374820131,0.0 -3.6355016726125586,37.19717542017683,0.0 -3.635591282849093,37.19708239691739,0.0 -3.6357080646653874,37.19701101773764,0.0 -3.6358440596185884,37.19696614694396,0.0 -3.6359899999999987,37.19695084235794,0.0 -3.6361359403814095,37.19696614694396,0.0 -3.6362719353346105,37.19701101773764,0.0 -3.636388717150905,37.19708239691739,0.0 -3.6364783273874393,37.19717542017683,0.0 -3.6365346592097656,37.19728374820131,0.0 -3.636553873574621,37.19739999866381,0.0 -3.6365346608872153,37.19751624930534,0.0 -3.636478330292889,37.19762457781888,0.0 -3.6363887205058303,37.197717601746426,0.0 -3.63627193824006,37.197788981594286,0.0 -3.636135942058885,37.19783385287704,0.0 -3.6359899999999987,37.19784915764206,0.0 </coordinates></LinearRing></outerBoundaryIs></Polygon>"
1351671926347,37.1765,-3.61433,"Universidad de Granada 4","<Polygon><outerBoundaryIs><LinearRing><coordinates>-3.614330000000001,37.176949157642056,0.0 -3.614184098325254,37.176933852877085,0.0 -3.614048139775944,37.17688898159452,0.0 -3.6139313898250673,37.176817601746926,0.0 -3.6138418048336893,37.176724577819634,0.0 -3.6137854898260655,37.17661624930627,0.0 -3.6137662824543595,37.17649999866481,0.0 -3.613785491501811,37.176383748202234,0.0 -3.6138418077361365,37.17627542017758,0.0 -3.6139313931765322,37.17618239691788,0.0 -3.6140481426783913,37.17611101773787,0.0 -3.614184100000974,37.176066146944024,0.0 -3.614330000000001,37.17605084235793,0.0 -3.614475899999003,37.176066146944024,0.0 -3.6146118573216115,37.17611101773787,0.0 -3.61472860682347,37.17618239691788,0.0 -3.614818192263866,37.17627542017758,0.0 -3.614874508498192,37.176383748202234,0.0 -3.614893717545643,37.17649999866481,0.0 -3.6148745101739115,37.17661624930627,0.0 -3.614818195166313,37.176724577819634,0.0 -3.614728610174935,37.176817601746926,0.0 -3.6146118602240582,37.17688898159452,0.0 -3.6144759016747483,37.176933852877085,0.0 -3.614330000000001,37.176949157642056,0.0 </coordinates></LinearRing></outerBoundaryIs></Polygon>"
1351672370785,37.1773,-3.59856,"Universidad de Granada 5","<Polygon><outerBoundaryIs><LinearRing><coordinates>-3.598560000000011,37.17774915764206,0.0 -3.5984140967802265,37.1777338528771,0.0 -3.5982781367911687,37.17768898159452,0.0 -3.598161385603972,37.17761760174691,0.0 -3.5980717996639493,37.17752457781961,0.0 -3.598015484060009,37.17741624930624,0.0 -3.597996276484926,37.17729999866478,0.0 -3.5980154857358055,37.17718374820221,0.0 -3.5980718025665235,37.17707542017756,0.0 -3.5981613889555644,37.17698239691787,0.0 -3.598278139693743,37.17691101773787,0.0 -3.598414098456023,37.17686614694402,0.0 -3.598560000000011,37.176850842357936,0.0 -3.5987059015439735,37.17686614694402,0.0 -3.5988418603062535,37.17691101773787,0.0 -3.598958611044432,37.17698239691787,0.0 -3.599048197433473,37.17707542017756,0.0 -3.599104514264191,37.17718374820221,0.0 -3.59912372351507,37.17729999866478,0.0 -3.599104515939987,37.17741624930624,0.0 -3.599048200336047,37.17752457781961,0.0 -3.5989586143960244,37.17761760174691,0.0 -3.5988418632088277,37.17768898159452,0.0 -3.5987059032197695,37.1777338528771,0.0 -3.598560000000011,37.17774915764206,0.0 </coordinates></LinearRing></outerBoundaryIs></Polygon>"
1351672500995,37.1773,-3.59856,"Universidad de Granada 6","<Polygon><outerBoundaryIs><LinearRing><coordinates>-3.598560000000011,37.17774915764206,0.0 -3.5984140967802265,37.1777338528771,0.0 -3.5982781367911687,37.17768898159452,0.0 -3.598161385603972,37.17761760174691,0.0 -3.5980717996639493,37.17752457781961,0.0 -3.598015484060009,37.17741624930624,0.0 -3.597996276484926,37.17729999866478,0.0 -3.5980154857358055,37.17718374820221,0.0 -3.5980718025665235,37.17707542017756,0.0 -3.5981613889555644,37.17698239691787,0.0 -3.598278139693743,37.17691101773787,0.0 -3.598414098456023,37.17686614694402,0.0 -3.598560000000011,37.176850842357936,0.0 -3.5987059015439735,37.17686614694402,0.0 -3.5988418603062535,37.17691101773787,0.0 -3.598958611044432,37.17698239691787,0.0 -3.599048197433473,37.17707542017756,0.0 -3.599104514264191,37.17718374820221,0.0 -3.59912372351507,37.17729999866478,0.0 -3.599104515939987,37.17741624930624,0.0 -3.599048200336047,37.17752457781961,0.0 -3.5989586143960244,37.17761760174691,0.0 -3.5988418632088277,37.17768898159452,0.0 -3.5987059032197695,37.1777338528771,0.0 -3.598560000000011,37.17774915764206,0.0 </coordinates></LinearRing></outerBoundaryIs></Polygon>"
1353516696419,37.1775,-3.59439,"Universidad de Granada 7","<Polygon><outerBoundaryIs><LinearRing><coordinates>-3.594390000000011,37.17794915764206,0.0 -3.5942440963939544,37.177933852877096,0.0 -3.594108136044959,37.17788898159451,0.0 -3.5939913845486893,37.17781760174691,0.0 -3.593901798371499,37.1777245778196,0.0 -3.5938454826184545,37.177616249306226,0.0 -3.593826274992533,37.17749999866477,0.0 -3.593845484294276,37.17738374820221,0.0 -3.593901801274073,37.17727542017755,0.0 -3.593991387900307,37.17718239691787,0.0 -3.594108138947559,37.17711101773787,0.0 -3.594244098069776,37.17706614694402,0.0 -3.594390000000011,37.17705084235795,0.0 -3.594535901930245,37.17706614694402,0.0 -3.594671861052462,37.17711101773787,0.0 -3.5947886120997143,37.17718239691787,0.0 -3.594878198725923,37.17727542017755,0.0 -3.5949345157057198,37.17738374820221,0.0 -3.594953725007463,37.17749999866477,0.0 -3.5949345173815415,37.177616249306226,0.0 -3.5948782016285223,37.1777245778196,0.0 -3.594788615451332,37.17781760174691,0.0 -3.5946718639550364,37.17788898159451,0.0 -3.5945359036060416,37.177933852877096,0.0 -3.594390000000011,37.17794915764206,0.0 </coordinates></LinearRing></outerBoundaryIs></Polygon>"
1353516696420,37.1675,-3.58865,"Universidad de Granada - Nodo JJ",NULL
1381128343770,0,0,"Universidad de Granada 8","<Polygon><outerBoundaryIs><LinearRing><coordinates>0.0,4.4915764205976077E-4,0.0 1.1625055201236242E-4,4.338529665403263E-4,0.0 2.2457882102484546E-4,3.889819283266747E-4,0.0 3.1760241451819494E-4,3.1760241452059043E-4,0.0 3.889819283287409E-4,2.2457882102815526E-4,0.0 4.3385296653055734E-4,1.1625055201729615E-4,0.0 4.491576420496909E-4,2.7502973432771235E-20,0.0 4.3385296653055734E-4,-1.162505520172962E-4,0.0 3.889819283287409E-4,-2.245788210281551E-4,0.0 3.1760241451819494E-4,-3.176024145205903E-4,0.0 2.2457882102484546E-4,-3.889819283266747E-4,0.0 1.1625055201236242E-4,-4.338529665403263E-4,0.0 0.0,-4.4915764205976077E-4,0.0 -1.1625055201236242E-4,-4.338529665403264E-4,0.0 -2.2457882102484546E-4,-3.889819283266746E-4,0.0 -3.1760241451819494E-4,-3.1760241452059043E-4,0.0 -3.889819283287409E-4,-2.245788210281554E-4,0.0 -4.3385296653055734E-4,-1.162505520172961E-4,0.0 -4.491576420496909E-4,-8.250892029831369E-20,0.0 -4.3385296653055734E-4,1.1625055201729596E-4,0.0 -3.889819283287409E-4,2.2457882102815526E-4,0.0 -3.1760241451819494E-4,3.1760241452059027E-4,0.0 -2.2457882102484546E-4,3.8898192832667453E-4,0.0 -1.1625055201236242E-4,4.338529665403263E-4,0.0 0.0,4.4915764205976077E-4,0.0 </coordinates></LinearRing></outerBoundaryIs></Polygon>"
1388395655467,37.5517,-5.86911,"Sipesca 1 bluetooth Brenes","<Polygon><outerBoundaryIs><LinearRing><coordinates>-5.869110000000008,37.552149157642056,0.0 -5.868963366946688,37.55213385287587,0.0 -5.868826726864202,37.55208898158996,0.0 -5.868709391673174,37.55201760173779,0.0 -5.868619357618694,37.55192457780594,0.0 -5.8685627603270465,37.55181624928924,0.0 -5.868543456685293,37.551699998646555,0.0 -5.86856276203419,37.551583748185216,0.0 -5.868619360575541,37.55147542016389,0.0 -5.868709395087485,37.551382396908764,0.0 -5.868826729821074,37.551311017733305,0.0 -5.868963368653857,37.55126614694279,0.0 -5.869110000000008,37.55125084235794,0.0 -5.869256631346161,37.55126614694279,0.0 -5.869393270178918,37.551311017733305,0.0 -5.8695106049125325,37.551382396908764,0.0 -5.86960063942445,37.55147542016389,0.0 -5.869657237965802,37.551583748185216,0.0 -5.869676543314699,37.551699998646555,0.0 -5.869657239672946,37.55181624928924,0.0 -5.8696006423813225,37.55192457780594,0.0 -5.869510608326819,37.55201760173779,0.0 -5.86939327313579,37.55208898158996,0.0 -5.869256633053305,37.55213385287587,0.0 -5.869110000000008,37.552149157642056,0.0 </coordinates></LinearRing></outerBoundaryIs></Polygon>"
1388396029879,37.5901,-5.73276,"Sipesca 2 bluetooth Los Rosales","<Polygon><outerBoundaryIs><LinearRing><coordinates>-5.732759999999998,37.59054915764205,0.0 -5.732613291324001,37.590533852875744,0.0 -5.732476580772714,37.59048898158949,0.0 -5.732359185069342,37.59041760173686,0.0 -5.732269104582861,37.59032457780454,0.0 -5.732212478103772,37.59021624928748,0.0 -5.732193164507952,37.59009999864468,0.0 -5.732212479814173,37.58998374818346,0.0 -5.732269107545358,37.58987542016248,0.0 -5.732359188490142,37.58978239690781,0.0 -5.73247658373521,37.58971101773283,0.0 -5.732613293034402,37.58966614694266,0.0 -5.732759999999998,37.58965084235793,0.0 -5.732906706965593,37.58966614694266,0.0 -5.733043416264785,37.58971101773283,0.0 -5.733160811509852,37.58978239690781,0.0 -5.733250892454638,37.58987542016248,0.0 -5.733307520185822,37.58998374818346,0.0 -5.733326835492043,37.59009999864468,0.0 -5.733307521896223,37.59021624928748,0.0 -5.733250895417132,37.59032457780454,0.0 -5.7331608149306525,37.59041760173686,0.0 -5.733043419227281,37.59048898158949,0.0 -5.732906708675992,37.590533852875744,0.0 -5.732759999999998,37.59054915764205,0.0 </coordinates></LinearRing></outerBoundaryIs></Polygon>"
1388396134379,37.5395,-6.05394,"Sipesca 3 bluetooth Guillena","<Polygon><outerBoundaryIs><LinearRing><coordinates>-6.0539399999999866,37.539949157642056,0.0 -6.053793390942552,37.53993385287591,0.0 -6.053656773220535,37.53988898159011,0.0 -6.053539457230718,37.53981760173809,0.0 -6.053449437909562,37.53972457780639,0.0 -6.053392849879408,37.53961624928979,0.0 -6.053373549396201,37.53949999864716,0.0 -6.053392851585534,37.53938374818576,0.0 -6.053449440864653,37.539275420164344,0.0 -6.053539460642945,37.539182396909055,0.0 -6.053656776175627,37.53911101773347,0.0 -6.053793392648677,37.53906614694283,0.0 -6.0539399999999866,37.53905084235793,0.0 -6.054086607351321,37.53906614694283,0.0 -6.054223223824371,37.53911101773347,0.0 -6.054340539357055,37.539182396909055,0.0 -6.054430559135346,37.539275420164344,0.0 -6.054487148414465,37.53938374818576,0.0 -6.054506450603799,37.53949999864716,0.0 -6.054487150120591,37.53961624928979,0.0 -6.054430562090438,37.53972457780639,0.0 -6.054340542769281,37.53981760173809,0.0 -6.054223226779463,37.53988898159011,0.0 -6.054086609057448,37.53993385287591,0.0 -6.0539399999999866,37.539949157642056,0.0 </coordinates></LinearRing></outerBoundaryIs></Polygon>"
1388396196672,37.5123,-6.02722,"Sipesca 4 bluetooth Torre de la Reina","<Polygon><outerBoundaryIs><LinearRing><coordinates>-6.027220000000006,37.51274915764205,0.0 -6.027073444389349,37.512733852875996,0.0 -6.026936876471589,37.51268898159043,0.0 -6.026819603249214,37.51261760173876,0.0 -6.026729616744156,37.512524577807376,0.0 -6.026673049342419,37.51241624929103,0.0 -6.026653755894293,37.51229999864849,0.0 -6.02667305104623,37.512183748187006,0.0 -6.026729619695253,37.51207542016534,0.0 -6.026819606656861,37.511982396909715,0.0 -6.026936879422686,37.511911017733794,0.0 -6.02707344609316,37.51186614694292,0.0 -6.027220000000006,37.51185084235793,0.0 -6.027366553906828,37.51186614694292,0.0 -6.027503120577302,37.511911017733794,0.0 -6.027620393343152,37.511982396909715,0.0 -6.027710380304734,37.51207542016534,0.0 -6.027766948953758,37.512183748187006,0.0 -6.027786244105695,37.51229999864849,0.0 -6.027766950657593,37.51241624929103,0.0 -6.027710383255832,37.512524577807376,0.0 -6.027620396750772,37.51261760173876,0.0 -6.027503123528424,37.51268898159043,0.0 -6.027366555610638,37.512733852875996,0.0 -6.027220000000006,37.51274915764205,0.0 </coordinates></LinearRing></outerBoundaryIs></Polygon>"
1388396290670,37.5192,-5.98457,"Sipesca 5 bluetooth Alcalá del Río","<Polygon><outerBoundaryIs><LinearRing><coordinates>-5.984569999999988,37.51964915764205,0.0 -5.984423430837981,37.51963385287599,0.0 -5.984286850292399,37.51958898159036,0.0 -5.984169566226395,37.51951760173859,0.0 -5.984079571400853,37.51942457780715,0.0 -5.984022998768783,37.519316249290725,0.0 -5.984003703536926,37.519199998648155,0.0 -5.9840230004731785,37.519083748186695,0.0 -5.984079574352942,37.51897542016509,0.0 -5.9841695696351875,37.51888239690956,0.0 -5.984286853244515,37.51881101773372,0.0 -5.984423432542376,37.5187661469429,0.0 -5.984569999999988,37.518750842357946,0.0 -5.984716567457626,37.5187661469429,0.0 -5.984853146755488,37.51881101773372,0.0 -5.9849704303648155,37.51888239690956,0.0 -5.9850604256470605,37.51897542016509,0.0 -5.985116999526824,37.519083748186695,0.0 -5.985136296463078,37.519199998648155,0.0 -5.9851170012312185,37.519316249290725,0.0 -5.985060428599149,37.51942457780715,0.0 -5.984970433773607,37.51951760173859,0.0 -5.984853149707603,37.51958898159036,0.0 -5.984716569162021,37.51963385287599,0.0 -5.984569999999988,37.51964915764205,0.0 </coordinates></LinearRing></outerBoundaryIs></Polygon>"
1388396397305,37.4281,-5.93013,"Sipesca 6 bluetooth Valdezorras","<Polygon><outerBoundaryIs><LinearRing><coordinates>-5.930129999999992,37.42854915764206,0.0 -5.929983609382901,37.42853385287627,0.0 -5.929847195213941,37.42848898159147,0.0 -5.9297300540173845,37.42841760174082,0.0 -5.929640168817623,37.42832457781047,0.0 -5.929583665097053,37.42821624929487,0.0 -5.929564393366747,37.4280999986526,0.0 -5.929583666793765,37.42798374819084,0.0 -5.929640171756455,37.42787542016842,0.0 -5.9297300574108585,37.42778239691177,0.0 -5.929847198152773,37.42771101773483,0.0 -5.929983611079638,37.427666146943196,0.0 -5.930129999999992,37.427650842357934,0.0 -5.930276388920374,37.427666146943196,0.0 -5.930412801847237,37.42771101773483,0.0 -5.9305299425891524,37.42778239691177,0.0 -5.930619828243555,37.42787542016842,0.0 -5.93067633320622,37.42798374819084,0.0 -5.930695606633263,37.4280999986526,0.0 -5.930676334902957,37.42821624929487,0.0 -5.930619831182362,37.42832457781047,0.0 -5.930529945982601,37.42841760174082,0.0 -5.9304128047860445,37.42848898159147,0.0 -5.930276390617085,37.42853385287627,0.0 -5.930129999999992,37.42854915764206,0.0 </coordinates></LinearRing></outerBoundaryIs></Polygon>"
1388396456974,37.4645,-6.01573,"Sipesca 7 bluetooth La Algaba dir. Santiponce","<Polygon><outerBoundaryIs><LinearRing><coordinates>-6.015729999999993,37.46494915764206,0.0 -6.0155835381399525,37.464933852876165,0.0 -6.015447057583428,37.46488898159103,0.0 -6.015329859379142,37.464817601739924,0.0 -6.0152399304365,37.46472457780915,0.0 -6.015183399218891,37.46461624929322,0.0 -6.015164118110986,37.46449999865083,0.0 -6.015183400918682,37.464383748189185,0.0 -6.0152399333806255,37.4642754201671,0.0 -6.015329862778723,37.46418239691091,0.0 -6.015447060527553,37.46411101773439,0.0 -6.015583539839742,37.46406614694308,0.0 -6.015729999999993,37.46405084235794,0.0 -6.01587646016027,37.46406614694308,0.0 -6.01601293947246,37.46411101773439,0.0 -6.016130137221289,37.46418239691091,0.0 -6.016220066619361,37.4642754201671,0.0 -6.01627659908133,37.464383748189185,0.0 -6.0162958818889996,37.46449999865083,0.0 -6.01627660078112,37.46461624929322,0.0 -6.016220069563486,37.46472457780915,0.0 -6.016130140620869,37.464817601739924,0.0 -6.016012942416585,37.46488898159103,0.0 -6.015876461860061,37.464933852876165,0.0 -6.015729999999993,37.46494915764206,0.0 </coordinates></LinearRing></outerBoundaryIs></Polygon>"
1388396568021,37.4672,-6.00765,"Sipesca 8 bluetooth La Algaba","<Polygon><outerBoundaryIs><LinearRing><coordinates>-6.0076500000000035,37.46764915764205,0.0 -6.007503532850317,37.46763385287615,0.0 -6.007367047364672,37.467588981590985,0.0 -6.0072498449277045,37.46751760173985,0.0 -6.007159912737284,37.467424577809034,0.0 -6.007103379478064,37.467316249293084,0.0 -6.007084097673897,37.46719999865068,0.0 -6.007103381178083,37.46708374818905,0.0 -6.00715991568179,37.46697542016698,0.0 -6.007249848327717,37.46688239691082,0.0 -6.007367050309204,37.46681101773434,0.0 -6.007503534550336,37.46676614694306,0.0 -6.0076500000000035,37.46675084235792,0.0 -6.00779646544967,37.46676614694306,0.0 -6.007932949690803,37.46681101773434,0.0 -6.008050151672263,37.46688239691082,0.0 -6.0081400843182164,37.46697542016698,0.0 -6.008196618821923,37.46708374818905,0.0 -6.008215902326109,37.46719999865068,0.0 -6.008196620521942,37.467316249293084,0.0 -6.008140087262723,37.467424577809034,0.0 -6.008050155072302,37.46751760173985,0.0 -6.00793295263531,37.467588981590985,0.0 -6.0077964671496895,37.46763385287615,0.0 -6.0076500000000035,37.46764915764205,0.0 </coordinates></LinearRing></outerBoundaryIs></Polygon>"
1388396634884,37.5846,-5.96864,"Sipesca 9 bluetooth Burguillos","<Polygon><outerBoundaryIs><LinearRing><coordinates>-5.9686400000000015,37.58504915764206,0.0 -5.968493302164202,37.58503385287577,0.0 -5.96835660171433,37.58498898158957,0.0 -5.96823921468517,37.584917601737,0.0 -5.968149140854522,37.584824577804746,0.0 -5.968092518559338,37.584716249287744,0.0 -5.9680732063903905,37.584599998644954,0.0 -5.968092520269255,37.584483748183715,0.0 -5.968149143816204,37.584375420162694,0.0 -5.968239218105029,37.58428239690796,0.0 -5.9683566046760115,37.584211017732905,0.0 -5.968493303874144,37.584166146942685,0.0 -5.9686400000000015,37.584150842357936,0.0 -5.968786696125859,37.584166146942685,0.0 -5.968923395323966,37.584211017732905,0.0 -5.969040781894974,37.58428239690796,0.0 -5.969130856183799,37.584375420162694,0.0 -5.969187479730748,37.584483748183715,0.0 -5.9692067936096125,37.584599998644954,0.0 -5.969187481440666,37.584716249287744,0.0 -5.969130859145482,37.584824577804746,0.0 -5.969040785314833,37.584917601737,0.0 -5.968923398285674,37.58498898158957,0.0 -5.968786697835777,37.58503385287577,0.0 -5.9686400000000015,37.58504915764206,0.0 </coordinates></LinearRing></outerBoundaryIs></Polygon>"
1388397145518,37.4511,-5.95452,"Sipesca 10 bluetooth A-8005","<Polygon><outerBoundaryIs><LinearRing><coordinates>-5.954519999999996,37.45154915764205,0.0 -5.954373564381694,37.451533852876196,0.0 -5.95423710827847,37.45148898159119,0.0 -5.954119931072487,37.45141760174025,0.0 -5.954030018242179,37.45132457780962,0.0 -5.953973497152854,37.45121624929382,0.0 -5.953954219499108,37.45109999865147,0.0 -5.953973498851525,37.45098374818979,0.0 -5.9540300211843435,37.45087542016758,0.0 -5.954119934469802,37.450782396911215,0.0 -5.9542371112206345,37.450711017734534,0.0 -5.954373566080339,37.450666146943114,0.0 -5.954519999999996,37.45065084235793,0.0 -5.954666433919654,37.450666146943114,0.0 -5.954802888779358,37.450711017734534,0.0 -5.954920065530191,37.450782396911215,0.0 -5.9550099788156485,37.45087542016758,0.0 -5.955066501148467,37.45098374818979,0.0 -5.955085780500884,37.45109999865147,0.0 -5.955066502847138,37.45121624929382,0.0 -5.955009981757814,37.45132457780962,0.0 -5.954920068927506,37.45141760174025,0.0 -5.954802891721549,37.45148898159119,0.0 -5.954666435618324,37.451533852876196,0.0 -5.954519999999996,37.45154915764205,0.0 </coordinates></LinearRing></outerBoundaryIs></Polygon>"
1388397221712,37.5014,-5.71411,"Sipesca 11 bluetooth Carmona","<Polygon><outerBoundaryIs><LinearRing><coordinates>-5.714109999999994,37.501849157642056,0.0 -5.713963465787167,37.50183385287604,0.0 -5.713826917808888,37.50178898159057,0.0 -5.713709661708789,37.501717601739024,0.0 -5.713619688341889,37.50162457780778,0.0 -5.713563129198882,37.501516249291534,0.0 -5.713543838567328,37.50139999864902,0.0 -5.713563130901776,37.5012837481875,0.0 -5.713619691291408,37.50117542016574,0.0 -5.713709665114604,37.501082396909986,0.0 -5.713826920758407,37.50101101773392,0.0 -5.7139634674900615,37.50096614694296,0.0 -5.714109999999994,37.50095084235793,0.0 -5.714256532509925,37.50096614694296,0.0 -5.714393079241604,37.50101101773392,0.0 -5.714510334885408,37.501082396909986,0.0 -5.714600308708578,37.50117542016574,0.0 -5.714656869098209,37.5012837481875,0.0 -5.714676161432658,37.50139999864902,0.0 -5.71465687080113,37.501516249291534,0.0 -5.7146003116580975,37.50162457780778,0.0 -5.7145103382911975,37.501717601739024,0.0 -5.714393082191097,37.50178898159057,0.0 -5.714256534212844,37.50183385287604,0.0 -5.714109999999994,37.501849157642056,0.0 </coordinates></LinearRing></outerBoundaryIs></Polygon>"
1388397331212,37.4816,-5.97881,"Sipesca 12 bluetooth La Rinconada","<Polygon><outerBoundaryIs><LinearRing><coordinates>-5.978810000000012,37.48204915764207,0.0 -5.978663504627051,37.48203385287611,0.0 -5.978526992841626,37.481988981590824,0.0 -5.978409767820712,37.48191760173952,0.0 -5.978319818301331,37.48182457780852,0.0 -5.9782632741490165,37.48171624929243,0.0 -5.978243988629886,37.48159999864999,0.0 -5.978263275850257,37.4814837481884,0.0 -5.97831982124795,37.481375420166465,0.0 -5.978409771223192,37.48128239691048,0.0 -5.978526995788246,37.48121101773417,0.0 -5.9786635063282665,37.48116614694303,0.0 -5.978810000000012,37.48115084235794,0.0 -5.978956493671732,37.48116614694303,0.0 -5.9790930042117525,37.48121101773417,0.0 -5.979210228776831,37.48128239691048,0.0 -5.979300178752049,37.481375420166465,0.0 -5.979356724149741,37.4814837481884,0.0 -5.979376011370112,37.48159999864999,0.0 -5.979356725850981,37.48171624929243,0.0 -5.979300181698666,37.48182457780852,0.0 -5.979210232179286,37.48191760173952,0.0 -5.979093007158371,37.481988981590824,0.0 -5.978956495372947,37.48203385287611,0.0 -5.978810000000012,37.48204915764207,0.0 </coordinates></LinearRing></outerBoundaryIs></Polygon>"
1388397445798,37.4778,-5.95357,"Sipesca 13 bluetooth San José","<Polygon><outerBoundaryIs><LinearRing><coordinates>-5.953570000000005,37.47824915764206,0.0 -5.95342351207682,37.47823385287613,0.0 -5.953287007233428,37.478188981590876,0.0 -5.953169788173737,37.478117601739605,0.0 -5.953079843228477,37.478024577808654,0.0 -5.953023301951486,37.47791624929261,0.0 -5.953004017412958,37.477799998650184,0.0 -5.953023303652396,37.47768374818858,0.0 -5.953079846174536,37.477575420166616,0.0 -5.953169791575556,37.47748239691057,0.0 -5.953287010179486,37.47741101773422,0.0 -5.95342351377773,37.47736614694304,0.0 -5.953570000000005,37.47735084235794,0.0 -5.953716486222282,37.47736614694304,0.0 -5.953852989820501,37.47741101773422,0.0 -5.9539702084244555,37.47748239691057,0.0 -5.954060153825475,37.477575420166616,0.0 -5.954116696347616,37.47768374818858,0.0 -5.954135982587053,37.477799998650184,0.0 -5.954116698048526,37.47791624929261,0.0 -5.9540601567715346,37.478024577808654,0.0 -5.953970211826275,37.478117601739605,0.0 -5.953852992766584,37.478188981590876,0.0 -5.953716487923192,37.47823385287613,0.0 -5.953570000000005,37.47824915764206,0.0 </coordinates></LinearRing></outerBoundaryIs></Polygon>"
1388397600522,37.5509,-5.86955,"Sipesca 1 wifi Brenes","<Polygon><outerBoundaryIs><LinearRing><coordinates>-5.869549999999993,37.551349157642065,0.0 -5.869403368520639,37.551333852875885,0.0 -5.869266729904822,37.551288981589984,0.0 -5.869149395973241,37.551217601737825,0.0 -5.869059362885143,37.551124577805986,0.0 -5.86900276620098,37.55101624928928,0.0 -5.868983462766421,37.550899998646614,0.0 -5.869002767908074,37.55078374818526,0.0 -5.869059365841888,37.550675420163934,0.0 -5.8691493993874015,37.55058239690879,0.0 -5.8692667328615675,37.550511017733335,0.0 -5.869403370227732,37.5504661469428,0.0 -5.869549999999993,37.550450842357954,0.0 -5.869696629772279,37.5504661469428,0.0 -5.869833267138419,37.550511017733335,0.0 -5.869950600612585,37.55058239690879,0.0 -5.870040634158097,37.550675420163934,0.0 -5.870097232091938,37.55078374818526,0.0 -5.8701165372335895,37.550899998646614,0.0 -5.870097233799005,37.55101624928928,0.0 -5.870040637114843,37.551124577805986,0.0 -5.869950604026745,37.551217601737825,0.0 -5.869833270095189,37.551288981589984,0.0 -5.869696631479346,37.551333852875885,0.0 -5.869549999999993,37.551349157642065,0.0 </coordinates></LinearRing></outerBoundaryIs></Polygon>"
1388397694740,37.5897,-5.73141,"Sipesca 2 wifi Los Rosales","<Polygon><outerBoundaryIs><LinearRing><coordinates>-5.731410000000003,37.59014915764207,0.0 -5.731263292112478,37.59013385287575,0.0 -5.731126582295925,37.5900889815895,0.0 -5.731009187223499,37.59001760173687,0.0 -5.730919107221149,37.58992457780456,0.0 -5.730862481046375,37.589816249287516,0.0 -5.730843167554344,37.58969999864471,0.0 -5.7308624827567245,37.58958374818347,0.0 -5.730919110183569,37.58947542016251,0.0 -5.731009190644223,37.58938239690784,0.0 -5.7311265852583695,37.58931101773285,0.0 -5.731263293822853,37.58926614694267,0.0 -5.731410000000003,37.589250842357934,0.0 -5.731556706177151,37.58926614694267,0.0 -5.731693414741636,37.58931101773285,0.0 -5.731810809355782,37.58938239690784,0.0 -5.731900889816436,37.58947542016251,0.0 -5.73195751724328,37.58958374818347,0.0 -5.731976832445663,37.58969999864471,0.0 -5.73195751895363,37.589816249287516,0.0 -5.731900892778855,37.58992457780456,0.0 -5.731810812776507,37.59001760173687,0.0 -5.73169341770408,37.5900889815895,0.0 -5.731556707887501,37.59013385287575,0.0 -5.731410000000003,37.59014915764207,0.0 </coordinates></LinearRing></outerBoundaryIs></Polygon>"
1388397787434,37.5395,-6.05396,"Sipesca 3 wifi Guillena","<Polygon><outerBoundaryIs><LinearRing><coordinates>-6.0539599999999885,37.539949157642056,0.0 -6.053813390942554,37.53993385287591,0.0 -6.0536767732205385,37.53988898159011,0.0 -6.053559457230721,37.53981760173809,0.0 -6.053469437909564,37.53972457780639,0.0 -6.053412849879411,37.53961624928979,0.0 -6.053393549396204,37.53949999864716,0.0 -6.053412851585538,37.53938374818576,0.0 -6.053469440864656,37.539275420164344,0.0 -6.053559460642948,37.539182396909055,0.0 -6.053676776175629,37.53911101773347,0.0 -6.053813392648679,37.53906614694283,0.0 -6.0539599999999885,37.53905084235793,0.0 -6.054106607351325,37.53906614694283,0.0 -6.054243223824375,37.53911101773347,0.0 -6.054360539357057,37.539182396909055,0.0 -6.054450559135348,37.539275420164344,0.0 -6.0545071484144675,37.53938374818576,0.0 -6.054526450603801,37.53949999864716,0.0 -6.0545071501205925,37.53961624928979,0.0 -6.05445056209044,37.53972457780639,0.0 -6.054360542769283,37.53981760173809,0.0 -6.054243226779466,37.53988898159011,0.0 -6.054106609057451,37.53993385287591,0.0 -6.0539599999999885,37.539949157642056,0.0 </coordinates></LinearRing></outerBoundaryIs></Polygon>"
1388397916219,37.5123,-6.02725,"Sipesca 4 wifi Torre de la Reina","<Polygon><outerBoundaryIs><LinearRing><coordinates>-6.027249999999998,37.51274915764205,0.0 -6.027103444389341,37.512733852875996,0.0 -6.02696687647158,37.51268898159043,0.0 -6.026849603249232,37.51261760173876,0.0 -6.026759616744173,37.512524577807376,0.0 -6.0267030493424105,37.51241624929103,0.0 -6.02668375589431,37.51229999864849,0.0 -6.026703051046221,37.512183748187006,0.0 -6.0267596196952695,37.51207542016534,0.0 -6.026849606656853,37.511982396909715,0.0 -6.026966879422678,37.511911017733794,0.0 -6.027103446093176,37.51186614694292,0.0 -6.027249999999998,37.51185084235793,0.0 -6.0273965539068195,37.51186614694292,0.0 -6.027533120577318,37.511911017733794,0.0 -6.0276503933431425,37.511982396909715,0.0 -6.027740380304726,37.51207542016534,0.0 -6.027796948953775,37.512183748187006,0.0 -6.0278162441056855,37.51229999864849,0.0 -6.027796950657585,37.51241624929103,0.0 -6.027740383255823,37.512524577807376,0.0 -6.02765039675079,37.51261760173876,0.0 -6.027533123528416,37.51268898159043,0.0 -6.027396555610655,37.512733852875996,0.0 -6.027249999999998,37.51274915764205,0.0 </coordinates></LinearRing></outerBoundaryIs></Polygon>"
1388397963712,37.5191,-5.98465,"Sipesca 5 wifi Alcalá del Río","<Polygon><outerBoundaryIs><LinearRing><coordinates>-5.984649999999999,37.519549157642054,0.0 -5.984503431034398,37.51953385287598,0.0 -5.984366850671863,37.519488981590364,0.0 -5.98424956676303,37.51941760173859,0.0 -5.984159572058093,37.51932457780714,0.0 -5.984102999501848,37.51921624929073,0.0 -5.984083704295867,37.51909999864816,0.0 -5.984103001206244,37.5189837481867,0.0 -5.984159575010208,37.518875420165095,0.0 -5.98424957017182,37.51878239690956,0.0 -5.984366853623953,37.518711017733715,0.0 -5.9845034327387925,37.518666146942905,0.0 -5.984649999999999,37.51865084235794,0.0 -5.984796567261206,37.518666146942905,0.0 -5.984933146376045,37.518711017733715,0.0 -5.985050429828179,37.51878239690956,0.0 -5.985140424989791,37.518875420165095,0.0 -5.9851969987937546,37.5189837481867,0.0 -5.985216295704132,37.51909999864816,0.0 -5.985197000498151,37.51921624929073,0.0 -5.985140427941905,37.51932457780714,0.0 -5.985050433236969,37.51941760173859,0.0 -5.9849331493281355,37.519488981590364,0.0 -5.984796568965601,37.51953385287598,0.0 -5.984649999999999,37.519549157642054,0.0 </coordinates></LinearRing></outerBoundaryIs></Polygon>"
1388398007205,37.4281,-5.93013,"Sipesca 6 wifi Valdezorras","<Polygon><outerBoundaryIs><LinearRing><coordinates>-5.930129999999992,37.42854915764206,0.0 -5.929983609382901,37.42853385287627,0.0 -5.929847195213941,37.42848898159147,0.0 -5.9297300540173845,37.42841760174082,0.0 -5.929640168817623,37.42832457781047,0.0 -5.929583665097053,37.42821624929487,0.0 -5.929564393366747,37.4280999986526,0.0 -5.929583666793765,37.42798374819084,0.0 -5.929640171756455,37.42787542016842,0.0 -5.9297300574108585,37.42778239691177,0.0 -5.929847198152773,37.42771101773483,0.0 -5.929983611079638,37.427666146943196,0.0 -5.930129999999992,37.427650842357934,0.0 -5.930276388920374,37.427666146943196,0.0 -5.930412801847237,37.42771101773483,0.0 -5.9305299425891524,37.42778239691177,0.0 -5.930619828243555,37.42787542016842,0.0 -5.93067633320622,37.42798374819084,0.0 -5.930695606633263,37.4280999986526,0.0 -5.930676334902957,37.42821624929487,0.0 -5.930619831182362,37.42832457781047,0.0 -5.930529945982601,37.42841760174082,0.0 -5.9304128047860445,37.42848898159147,0.0 -5.930276390617085,37.42853385287627,0.0 -5.930129999999992,37.42854915764206,0.0 </coordinates></LinearRing></outerBoundaryIs></Polygon>"
1388398091067,37.4644,-6.01564,"Sipesca 7 wifi La Algaba dir Santiponce","<Polygon><outerBoundaryIs><LinearRing><coordinates>-6.015639999999994,37.46484915764205,0.0 -6.015493538335849,37.46483385287616,0.0 -6.015357057961864,37.46478898159103,0.0 -6.015239859914342,37.46471760173993,0.0 -6.015149931092001,37.46462457780914,0.0 -6.015093399949986,37.46451624929322,0.0 -6.015074118867883,37.464399998650826,0.0 -6.015093401649751,37.464283748189196,0.0 -6.0151499340361,37.464175420167095,0.0 -6.015239863313896,37.46408239691089,0.0 -6.0153570609059885,37.46401101773438,0.0 -6.015493540035613,37.463966146943086,0.0 -6.015639999999994,37.46395084235793,0.0 -6.0157864599643744,37.463966146943086,0.0 -6.0159229390940245,37.46401101773438,0.0 -6.016040136686117,37.46408239691089,0.0 -6.016130065963887,37.464175420167095,0.0 -6.016186598350236,37.464283748189196,0.0 -6.01620588113213,37.464399998650826,0.0 -6.016186600050026,37.46451624929322,0.0 -6.016130068908012,37.46462457780914,0.0 -6.016040140085671,37.46471760173993,0.0 -6.015922942038124,37.46478898159103,0.0 -6.015786461664165,37.46483385287616,0.0 -6.015639999999994,37.46484915764205,0.0 </coordinates></LinearRing></outerBoundaryIs></Polygon>"
1388398156925,37.4675,-6.00769,"Sipesca 8 wifi La Algaba","<Polygon><outerBoundaryIs><LinearRing><coordinates>-6.007690000000009,37.46794915764206,0.0 -6.007543532262531,37.46793385287616,0.0 -6.007407046229168,37.467888981590995,0.0 -6.0072898433218604,37.46781760173987,0.0 -6.007199910770535,37.46772457780904,0.0 -6.007143377284453,37.46761624929309,0.0 -6.0071240954029355,37.46749999865068,0.0 -6.007143378984498,37.46738374818906,0.0 -6.007199913715093,37.46727542016699,0.0 -6.00728984672195,37.46718239691082,0.0 -6.007407049173726,37.467111017734354,0.0 -6.007543533962576,37.467066146943075,0.0 -6.007690000000009,37.46705084235794,0.0 -6.007836466037417,37.467066146943075,0.0 -6.007972950826266,37.467111017734354,0.0 -6.008090153278041,37.46718239691082,0.0 -6.008180086284899,37.46727542016699,0.0 -6.008236621015494,37.46738374818906,0.0 -6.008255904597056,37.46749999865068,0.0 -6.008236622715539,37.46761624929309,0.0 -6.008180089229457,37.46772457780904,0.0 -6.00809015667813,37.46781760173987,0.0 -6.007972953770824,37.467888981590995,0.0 -6.0078364677374605,37.46793385287616,0.0 -6.007690000000009,37.46794915764206,0.0 </coordinates></LinearRing></outerBoundaryIs></Polygon>"
1388398219644,37.5841,-5.96834,"Sipesca 9 wifi Burguillos","<Polygon><outerBoundaryIs><LinearRing><coordinates>-5.968340000000012,37.58454915764205,0.0 -5.968193303149547,37.584533852875765,0.0 -5.968056603617837,37.584488981589566,0.0 -5.9679392173771,37.58441760173701,0.0 -5.967849144151444,37.58432457780476,0.0 -5.967792522236552,37.58421624928776,0.0 -5.96777321019732,37.58409999864498,0.0 -5.967792523946445,37.583983748183734,0.0 -5.967849147113075,37.58387542016271,0.0 -5.967939220796882,37.583782396907964,0.0 -5.968056606579443,37.58371101773291,0.0 -5.9681933048594376,37.58366614694269,0.0 -5.968340000000012,37.58365084235795,0.0 -5.968486695140559,37.58366614694269,0.0 -5.968623393420554,37.58371101773291,0.0 -5.968740779203115,37.583782396907964,0.0 -5.968830852886923,37.58387542016271,0.0 -5.9688874760535535,37.583983748183734,0.0 -5.968906789802676,37.58409999864498,0.0 -5.968887477763446,37.58421624928776,0.0 -5.968830855848554,37.58432457780476,0.0 -5.9687407826228975,37.58441760173701,0.0 -5.968623396382159,37.584488981589566,0.0 -5.96848669685045,37.584533852875765,0.0 -5.968340000000012,37.58454915764205,0.0 </coordinates></LinearRing></outerBoundaryIs></Polygon>"
1388398421885,37.4514,-5.95452,"Sipesca 10 wifi A-8005","<Polygon><outerBoundaryIs><LinearRing><coordinates>-5.954519999999996,37.45184915764205,0.0 -5.954373563794385,37.4518338528762,0.0 -5.954237107143877,37.451788981591186,0.0 -5.954119929467935,37.45171760174024,0.0 -5.954030016277027,37.45162457780962,0.0 -5.95397349496102,37.45151624929381,0.0 -5.953954217229973,37.45139999865146,0.0 -5.953973496659691,37.45128374818977,0.0 -5.954030019219219,37.45117542016757,0.0 -5.954119932865302,37.45108239691122,0.0 -5.954237110086068,37.45101101773454,0.0 -5.954373565493055,37.450966146943124,0.0 -5.954519999999996,37.45095084235794,0.0 -5.954666434506937,37.450966146943124,0.0 -5.954802889913924,37.45101101773454,0.0 -5.95492006713469,37.45108239691122,0.0 -5.9550099807807735,37.45117542016757,0.0 -5.955066503340302,37.45128374818977,0.0 -5.955085782770019,37.45139999865146,0.0 -5.955066505038973,37.45151624929381,0.0 -5.95500998372299,37.45162457780962,0.0 -5.954920070532058,37.45171760174024,0.0 -5.954802892856141,37.451788981591186,0.0 -5.954666436205634,37.4518338528762,0.0 -5.954519999999996,37.45184915764205,0.0 </coordinates></LinearRing></outerBoundaryIs></Polygon>"
1388398456156,37.5015,-5.71366,"Sipesca 11 wifi Carmona","<Polygon><outerBoundaryIs><LinearRing><coordinates>-5.7136599999999955,37.50194915764206,0.0 -5.713513465590915,37.50193385287605,0.0 -5.713376917429767,37.50188898159058,0.0 -5.713259661172625,37.501817601739035,0.0 -5.7131696876852205,37.50172457780779,0.0 -5.71311312846644,37.50161624929153,0.0 -5.713093837809061,37.501499998649024,0.0 -5.71311313016936,37.50138374818751,0.0 -5.71316969063474,37.50127542016574,0.0 -5.71325966457844,37.501182396909996,0.0 -5.713376920379287,37.50111101773393,0.0 -5.713513467293811,37.50106614694296,0.0 -5.7136599999999955,37.50105084235794,0.0 -5.71380653270618,37.50106614694296,0.0 -5.713943079620728,37.50111101773393,0.0 -5.714060335421576,37.501182396909996,0.0 -5.71415030936525,37.50127542016574,0.0 -5.7142068698306545,37.50138374818751,0.0 -5.71422616219093,37.501499998649024,0.0 -5.714206871533549,37.50161624929153,0.0 -5.714150312314794,37.50172457780779,0.0 -5.714060338827389,37.501817601739035,0.0 -5.713943082570247,37.50188898159058,0.0 -5.7138065344091,37.50193385287605,0.0 -5.7136599999999955,37.50194915764206,0.0 </coordinates></LinearRing></outerBoundaryIs></Polygon>"
1388398517822,37.4817,-5.97881,"Sipesca 12 wifi La Rinconada","<Polygon><outerBoundaryIs><LinearRing><coordinates>-5.978810000000012,37.48214915764206,0.0 -5.978663504430975,37.4821338528761,0.0 -5.978526992462862,37.48208898159081,0.0 -5.978409767285056,37.48201760173951,0.0 -5.978319817645298,37.48192457780851,0.0 -5.97826327341731,37.481816249292436,0.0 -5.978243987872379,37.48169999864999,0.0 -5.978263275118551,37.4815837481884,0.0 -5.978319820591915,37.48147542016647,0.0 -5.978409770687536,37.481382396910476,0.0 -5.978526995409479,37.48131101773417,0.0 -5.978663506132216,37.48126614694302,0.0 -5.978810000000012,37.48125084235793,0.0 -5.9789564938677815,37.48126614694302,0.0 -5.979093004590519,37.48131101773417,0.0 -5.979210229312462,37.481382396910476,0.0 -5.9793001794080824,37.48147542016647,0.0 -5.979356724881446,37.4815837481884,0.0 -5.979376012127644,37.48169999864999,0.0 -5.9793567265826875,37.481816249292436,0.0 -5.9793001823547005,37.48192457780851,0.0 -5.979210232714943,37.48201760173951,0.0 -5.979093007537137,37.48208898159081,0.0 -5.978956495569022,37.4821338528761,0.0 -5.978810000000012,37.48214915764206,0.0 </coordinates></LinearRing></outerBoundaryIs></Polygon>"
1388398577264,37.4781,-5.95336,"Sipesca 13 wifi San José","<Polygon><outerBoundaryIs><LinearRing><coordinates>-5.953359999999989,37.47854915764205,0.0 -5.953213511488731,37.478533852876105,0.0 -5.953077006097342,37.47848898159085,0.0 -5.952959786567057,37.47841760173958,0.0 -5.952869841260715,37.478324577808635,0.0 -5.952813299756734,37.478216249292586,0.0 -5.952794015140805,37.47809999865015,0.0 -5.9528133014576685,37.47798374818856,0.0 -5.952869844206826,37.47787542016659,0.0 -5.9529597899689275,37.477782396910555,0.0 -5.953077009043427,37.47771101773421,0.0 -5.953213513189667,37.47766614694302,0.0 -5.953359999999989,37.47765084235793,0.0 -5.953506486810339,37.47766614694302,0.0 -5.953642990956553,37.47771101773421,0.0 -5.953760210031078,37.477782396910555,0.0 -5.953850155793179,37.47787542016659,0.0 -5.953906698542335,37.47798374818856,0.0 -5.9539259848592,37.47809999865015,0.0 -5.9539067002432695,37.478216249292586,0.0 -5.953850158739289,37.478324577808635,0.0 -5.953760213432947,37.47841760173958,0.0 -5.953642993902662,37.47848898159085,0.0 -5.953506488511273,37.478533852876105,0.0 -5.953359999999989,37.47854915764205,0.0 </coordinates></LinearRing></outerBoundaryIs></Polygon>"
1405588888411,0,0,"Sipesca 14 wifi Autovia","<Polygon><outerBoundaryIs><LinearRing><coordinates>0.0,4.4915764205976077E-4,0.0 1.1625055201236242E-4,4.338529665403263E-4,0.0 2.2457882102484546E-4,3.889819283266747E-4,0.0 3.1760241451819494E-4,3.1760241452059043E-4,0.0 3.889819283287409E-4,2.2457882102815526E-4,0.0 4.3385296653055734E-4,1.1625055201729615E-4,0.0 4.491576420496909E-4,2.7502973432771235E-20,0.0 4.3385296653055734E-4,-1.162505520172962E-4,0.0 3.889819283287409E-4,-2.245788210281551E-4,0.0 3.1760241451819494E-4,-3.176024145205903E-4,0.0 2.2457882102484546E-4,-3.889819283266747E-4,0.0 1.1625055201236242E-4,-4.338529665403263E-4,0.0 0.0,-4.4915764205976077E-4,0.0 -1.1625055201236242E-4,-4.338529665403264E-4,0.0 -2.2457882102484546E-4,-3.889819283266746E-4,0.0 -3.1760241451819494E-4,-3.1760241452059043E-4,0.0 -3.889819283287409E-4,-2.245788210281554E-4,0.0 -4.3385296653055734E-4,-1.162505520172961E-4,0.0 -4.491576420496909E-4,-8.250892029831369E-20,0.0 -4.3385296653055734E-4,1.1625055201729596E-4,0.0 -3.889819283287409E-4,2.2457882102815526E-4,0.0 -3.1760241451819494E-4,3.1760241452059027E-4,0.0 -2.2457882102484546E-4,3.8898192832667453E-4,0.0 -1.1625055201236242E-4,4.338529665403263E-4,0.0 0.0,4.4915764205976077E-4,0.0 </coordinates></LinearRing></outerBoundaryIs></Polygon>"
1405588951641,0,0,"Sipesca 14 bluetooth Autovia","<Polygon><outerBoundaryIs><LinearRing><coordinates>0.0,4.4915764205976077E-4,0.0 1.1625055201236242E-4,4.338529665403263E-4,0.0 2.2457882102484546E-4,3.889819283266747E-4,0.0 3.1760241451819494E-4,3.1760241452059043E-4,0.0 3.889819283287409E-4,2.2457882102815526E-4,0.0 4.3385296653055734E-4,1.1625055201729615E-4,0.0 4.491576420496909E-4,2.7502973432771235E-20,0.0 4.3385296653055734E-4,-1.162505520172962E-4,0.0 3.889819283287409E-4,-2.245788210281551E-4,0.0 3.1760241451819494E-4,-3.176024145205903E-4,0.0 2.2457882102484546E-4,-3.889819283266747E-4,0.0 1.1625055201236242E-4,-4.338529665403263E-4,0.0 0.0,-4.4915764205976077E-4,0.0 -1.1625055201236242E-4,-4.338529665403264E-4,0.0 -2.2457882102484546E-4,-3.889819283266746E-4,0.0 -3.1760241451819494E-4,-3.1760241452059043E-4,0.0 -3.889819283287409E-4,-2.245788210281554E-4,0.0 -4.3385296653055734E-4,-1.162505520172961E-4,0.0 -4.491576420496909E-4,-8.250892029831369E-20,0.0 -4.3385296653055734E-4,1.1625055201729596E-4,0.0 -3.889819283287409E-4,2.2457882102815526E-4,0.0 -3.1760241451819494E-4,3.1760241452059027E-4,0.0 -2.2457882102484546E-4,3.8898192832667453E-4,0.0 -1.1625055201236242E-4,4.338529665403263E-4,0.0 0.0,4.4915764205976077E-4,0.0 </coordinates></LinearRing></outerBoundaryIs></Polygon>"
1405595238116,0,0,"Sipesca 3 RFID Guillena","<Polygon><outerBoundaryIs><LinearRing><coordinates>0.0,4.4915764205976077E-4,0.0 1.1625055201236242E-4,4.338529665403263E-4,0.0 2.2457882102484546E-4,3.889819283266747E-4,0.0 3.1760241451819494E-4,3.1760241452059043E-4,0.0 3.889819283287409E-4,2.2457882102815526E-4,0.0 4.3385296653055734E-4,1.1625055201729615E-4,0.0 4.491576420496909E-4,2.7502973432771235E-20,0.0 4.3385296653055734E-4,-1.162505520172962E-4,0.0 3.889819283287409E-4,-2.245788210281551E-4,0.0 3.1760241451819494E-4,-3.176024145205903E-4,0.0 2.2457882102484546E-4,-3.889819283266747E-4,0.0 1.1625055201236242E-4,-4.338529665403263E-4,0.0 0.0,-4.4915764205976077E-4,0.0 -1.1625055201236242E-4,-4.338529665403264E-4,0.0 -2.2457882102484546E-4,-3.889819283266746E-4,0.0 -3.1760241451819494E-4,-3.1760241452059043E-4,0.0 -3.889819283287409E-4,-2.245788210281554E-4,0.0 -4.3385296653055734E-4,-1.162505520172961E-4,0.0 -4.491576420496909E-4,-8.250892029831369E-20,0.0 -4.3385296653055734E-4,1.1625055201729596E-4,0.0 -3.889819283287409E-4,2.2457882102815526E-4,0.0 -3.1760241451819494E-4,3.1760241452059027E-4,0.0 -2.2457882102484546E-4,3.8898192832667453E-4,0.0 -1.1625055201236242E-4,4.338529665403263E-4,0.0 0.0,4.4915764205976077E-4,0.0 </coordinates></LinearRing></outerBoundaryIs></Polygon>"
